INSERT INTO public.parsed_offers(
    id, user_segment, source_object_model,       source_object_id, is_calltracking, timestamp, created_at, updated_at
) VALUES
('1',  'a', '{"region": "region_1"}',         '1',  false, '2020-10-26 16:55:00+03', '2020-10-27 14:59:01.655079+03', '2020-10-27 15:20:03.293283+03'),
('2',  'c', '{"region": "region_2"}',         '2',  false, '2020-10-26 16:55:00+03', '2020-10-27 14:59:01.655079+03', '2020-10-27 15:20:03.293283+03'),
('3',  'd', '{"region": "region_3"}',         '3',  false, '2020-10-26 16:55:00+03', '2020-10-27 14:59:01.655079+03', '2020-10-27 15:20:03.293283+03'),
('4',  'd', '{"region": "region_1"}',         '4',  false, '2020-10-26 16:55:00+03', '2020-10-27 14:59:01.655079+03', '2020-10-27 15:20:03.293283+03'),
('5',  'c', '{"region": "region_2"}',         '5',  false, '2020-10-26 16:55:00+03', '2020-10-27 14:59:01.655079+03', '2020-10-27 15:20:03.293283+03'),
('6',  'c', '{"region": "region_3"}',         '6',  false, '2020-10-26 16:55:00+03', '2020-10-27 14:59:01.655079+03', '2020-10-27 15:20:03.293283+03'),
('7',  'd', '{"region": "region_1"}',         '7',  false, '2020-10-26 16:55:00+03', '2020-10-27 14:59:01.655079+03', '2020-10-27 15:20:03.293283+03'),
('8',  'd', '{"region": "region_2"}',         '8',  false, '2020-10-26 16:55:00+03', '2020-10-27 14:59:01.655079+03', '2020-10-27 15:20:03.293283+03'),
('9',  'c', '{"region": "region_3"}',         '9',  false, '2020-10-26 16:55:00+03', '2020-10-27 14:59:01.655079+03', '2020-10-27 15:20:03.293283+03'),
('10', 'c', '{"region": "region_1"}',         '10', false, '2020-10-26 16:55:00+03', '2020-10-27 14:59:01.655079+03', '2020-10-27 15:20:03.293283+03'),
('11', 'c', '{"region": "region_2"}',         '11', false, '2020-10-26 16:55:00+03', '2020-10-27 14:59:01.655079+03', '2020-10-27 15:20:03.293283+03'),
('12', 'c', '{"region": "region_3"}',         '12', false, '2020-10-26 16:55:00+03', '2020-10-27 14:59:01.655079+03', '2020-10-27 15:20:03.293283+03'),
('13', 'c', '{"region": "region_4"}',         '13', false, '2020-10-26 16:55:00+03', '2020-10-27 14:59:01.655079+03', '2020-10-27 15:20:03.293283+03'),
('14', 'c', '{"region": "region_2"}',         '14', false, '2020-10-26 16:55:00+03', '2020-10-27 14:59:01.655079+03', '2020-10-27 15:20:03.293283+03'),
('15', 'c', '{"region": "region_1"}',         '15', false, '2020-10-26 16:55:00+03', '2020-10-27 14:59:01.655079+03', '2020-10-27 15:20:03.293283+03'),
('16', 'c', '{"region": "region_1"}',         '16', false, '2020-10-26 16:55:00+03', '2020-10-27 14:59:01.655079+03', '2020-10-27 15:20:03.293283+03'),
('17', 'c', '{"region": "region_1"}',         '17', false, '2020-10-26 16:55:00+03', '2020-10-27 14:59:01.655079+03', '2020-10-27 15:20:03.293283+03'),
('18', 'c', '{"region": "region_2"}',         '18', false, '2020-10-26 16:55:00+03', '2020-10-27 14:59:01.655079+03', '2020-10-27 15:20:03.293283+03'),
('19', 'c', '{"region": "region_3"}',         '19', false, '2020-10-26 16:55:00+03', '2020-10-27 14:59:01.655079+03', '2020-10-27 15:20:03.293283+03'),
('20', 'd', '{"region": "region_4"}',         '20', false, '2020-10-26 16:55:00+03', '2020-10-27 14:59:01.655079+03', '2020-10-27 15:20:03.293283+03');
INSERT INTO public.offers_for_call(
    id, parsed_id, client_id, status, category,   created_at, started_at, synced_at, priority, last_call_id
) VALUES 
('1', '1',   '1', 'waiting', 'flatRent',          '2020-10-12 04:05:06', '2020-10-12 04:05:06', '2020-10-12 04:05:06', 1, NULL), 
('2', '2',   '1', 'waiting', 'landSale',          '2020-10-12 04:05:06', '2020-10-12 04:05:06', '2020-10-12 04:05:06', 1, NULL), 
('3', '3',   '2', 'waiting', 'flatSale',          '2020-10-12 04:05:06', '2020-10-12 04:05:06', '2020-10-12 04:05:06', 1, NULL), 
('4', '4',   '2', 'waiting', 'landSale',          '2020-10-10 04:05:06', '2020-10-10 04:05:06', '2020-10-12 04:05:06', 1, NULL), 
('5', '5',   '3', 'waiting', 'flatSale',          '2020-10-12 03:05:06', '2020-10-12 03:05:06', '2020-10-12 03:05:06', 2, NULL), 
('6', '6',   '4', 'waiting', 'flatSale',          '2020-10-12 04:05:06', '2020-10-12 04:05:06', '2020-10-12 04:05:06', 1, NULL), 
('7', '7',   '4', 'waiting', 'landSale',          '2020-10-12 04:05:06', '2020-10-12 04:05:06', '2020-10-12 04:05:06', 1, NULL), 
('8', '8',   '5', 'waiting', 'flatSale',          '2020-10-12 04:05:06', '2020-10-12 04:05:06', '2020-10-12 04:05:06', 1, NULL), 
('9', '9',   '5', 'waiting', 'flatRent',          '2020-10-12 04:05:06', '2020-10-12 04:05:06', '2020-10-12 04:05:06', 1, NULL),
('10', '10', '6', 'waiting', 'flatSale',          '2020-10-12 04:05:06', '2020-10-12 04:05:06', '2020-10-12 04:05:06', 1, NULL),
('11', '11', '6', 'waiting', 'flatRent',          '2020-10-12 04:05:06', '2020-10-12 04:05:06', '2020-10-12 04:05:06', 1, '2dddd3b8-3157-47cc-b50a-419052da6197'),
('12', '12', '6', 'waiting', 'flatRent',          '2020-10-12 04:05:06', '2020-10-12 04:05:06', '2020-10-12 04:05:06', 1, '2dddd3b8-3157-47cc-b50a-419052da6197'),
('13', '13', '7', 'waiting', 'landSale',          '2020-10-12 04:05:06', '2020-10-12 04:05:06', '2020-10-12 04:05:06', 1, 'last-call-id'),
('14', '14', '7', 'waiting', 'flatRent',          '2020-10-12 04:05:06', '2020-10-12 04:05:06', '2020-10-12 04:05:06', 1, NULL),
('15', '15', '7', 'waiting', 'flatSale',          '2020-10-12 04:05:06', '2020-10-12 04:05:06', '2020-10-12 04:05:06', 1, NULL),
('16', '16', '7', 'waiting', 'flatRent',          '2020-10-12 04:05:06', '2020-10-12 04:05:06', '2020-10-12 04:05:06', 1, NULL),
('17', '17', '7', 'waiting', 'landSale',          '2020-10-12 04:05:06', '2020-10-12 04:05:06', '2020-10-12 04:05:06', 1, NULL),
('18', '18', '7', 'waiting', 'flatRent',          '2020-10-12 04:05:06', '2020-10-12 04:05:06', '2020-10-12 04:05:06', 1, NULL),
('19', '19', '7', 'waiting', 'flatRent',          '2020-10-12 04:05:06', '2020-10-12 04:05:06', '2020-10-12 04:05:06', 1, NULL),
('20', '20', '8', 'waiting', 'flatSale',          '2020-10-12 04:05:06', '2020-10-12 04:05:06', '2020-10-12 04:05:06', 1, NULL);
INSERT INTO public.clients(
    client_id, status,      avito_user_id, client_phones, main_account_chosen
) VALUES
('1', 'waiting',          '1', '{+111111111}', false), 
('2', 'waiting',          '2', '{+111111111}', false),
('3', 'waiting',          '3', '{+111111111}', false),
('4', 'waiting',          '4', '{+111111111}', false),
('5', 'waiting',          '5', '{+111111111}', false),
('6', 'waiting',          '6', '{+111111111}', false),
('7', 'waiting',          '7', '{+111111111}', false),
('8', 'waiting',          '8', '{+111111111}', false);

